from,to,type
346,1345,Drove in
346,1346,Drove in
384,1349,Drove in
346,1350,Drove in
346,1354,Drove in
384,1356,Drove in
384,1357,Drove in
251,1359,Drove in
251,1362,Drove in
346,1365,Drove in
252,1368,Drove in
252,1369,Drove in
252,1372,Drove in
347,1373,Drove in
302,1375,Drove in
252,1376,Drove in
347,1378,Drove in
252,1381,Drove in
252,1382,Drove in
252,1383,Drove in
386,1385,Drove in
414,1386,Drove in
348,1387,Drove in
386,1389,Drove in
386,1391,Drove in
414,1392,Drove in
303,1396,Drove in
303,1398,Drove in
348,1401,Drove in
348,1402,Drove in
387,1404,Drove in
437,1405,Drove in
415,1408,Drove in
304,1410,Drove in
304,1413,Drove in
450,1415,Drove in
387,1416,Drove in
387,1419,Drove in
437,1422,Drove in
304,1424,Drove in
350,1426,Drove in
305,1428,Drove in
305,1431,Drove in
255,1432,Drove in
305,1434,Drove in
305,1435,Drove in
305,1436,Drove in
255,1438,Drove in
255,1439,Drove in
255,1440,Drove in
256,1441,Drove in
256,1443,Drove in
256,1446,Drove in
256,1448,Drove in
306,1449,Drove in
256,1451,Drove in
256,1455,Drove in
256,1457,Drove in
306,1458,Drove in
256,1461,Drove in
257,1462,Drove in
257,1464,Drove in
351,1466,Drove in
257,1468,Drove in
257,1470,Drove in
351,1474,Drove in
351,1475,Drove in
257,1478,Drove in
307,1480,Drove in
257,1483,Drove in
258,1484,Drove in
258,1486,Drove in
258,1487,Drove in
258,1488,Drove in
258,1491,Drove in
258,1492,Drove in
258,1494,Drove in
258,1495,Drove in
258,1497,Drove in
258,1498,Drove in
259,1499,Drove in
259,1502,Drove in
259,1505,Drove in
259,1507,Drove in
259,1509,Drove in
259,1512,Drove in
259,1515,Drove in
259,1517,Drove in
259,1518,Drove in
259,1521,Drove in
352,1523,Drove in
388,1525,Drove in
260,1527,Drove in
308,1529,Drove in
352,1530,Drove in
260,1532,Drove in
260,1534,Drove in
352,1536,Drove in
388,1540,Drove in
388,1542,Drove in
309,1544,Drove in
261,1546,Drove in
309,1550,Drove in
309,1552,Drove in
309,1553,Drove in
309,1556,Drove in
309,1558,Drove in
261,1560,Drove in
261,1564,Drove in
261,1566,Drove in
389,1567,Drove in
310,1569,Drove in
262,1571,Drove in
262,1572,Drove in
310,1573,Drove in
389,1574,Drove in
353,1575,Drove in
389,1577,Drove in
262,1580,Drove in
353,1582,Drove in
311,1584,Drove in
263,1586,Drove in
311,1589,Drove in
311,1591,Drove in
311,1594,Drove in
263,1596,Drove in
311,1597,Drove in
263,1600,Drove in
263,1604,Drove in
263,1606,Drove in
416,1607,Drove in
416,1609,Drove in
264,1611,Drove in
390,1613,Drove in
416,1616,Drove in
264,1617,Drove in
264,1619,Drove in
416,1621,Drove in
312,1623,Drove in
390,1625,Drove in
391,1627,Drove in
313,1630,Drove in
313,1632,Drove in
355,1635,Drove in
391,1637,Drove in
313,1639,Drove in
417,1642,Drove in
391,1645,Drove in
355,1647,Drove in
391,1649,Drove in
314,1650,Drove in
314,1651,Drove in
266,1652,Drove in
314,1653,Drove in
314,1656,Drove in
314,1660,Drove in
314,1663,Drove in
314,1665,Drove in
314,1667,Drove in
314,1668,Drove in
356,1669,Drove in
315,1672,Drove in
267,1675,Drove in
267,1678,Drove in
267,1680,Drove in
315,1683,Drove in
356,1685,Drove in
315,1687,Drove in
356,1689,Drove in
315,1691,Drove in
316,1693,Drove in
418,1696,Drove in
357,1698,Drove in
418,1702,Drove in
316,1704,Drove in
357,1707,Drove in
316,1708,Drove in
392,1710,Drove in
392,1711,Drove in
357,1714,Drove in
317,1716,Drove in
317,1719,Drove in
269,1722,Drove in
317,1724,Drove in
269,1726,Drove in
358,1728,Drove in
358,1730,Drove in
269,1731,Drove in
269,1733,Drove in
358,1735,Drove in
359,1737,Drove in
359,1739,Drove in
270,1740,Drove in
270,1742,Drove in
462,1744,Drove in
318,1746,Drove in
484,1748,Drove in
451,1750,Drove in
359,1752,Drove in
419,1753,Drove in
452,1755,Drove in
271,1757,Drove in
452,1760,Drove in
452,1761,Drove in
420,1763,Drove in
463,1764,Drove in
485,1765,Drove in
439,1768,Drove in
439,1770,Drove in
420,1773,Drove in
272,1776,Drove in
272,1778,Drove in
272,1780,Drove in
272,1781,Drove in
272,1782,Drove in
272,1783,Drove in
272,1786,Drove in
272,1788,Drove in
272,1789,Drove in
272,1791,Drove in
273,1793,Drove in
273,1795,Drove in
273,1797,Drove in
273,1799,Drove in
273,1801,Drove in
273,1802,Drove in
273,1804,Drove in
273,1805,Drove in
273,1806,Drove in
273,1807,Drove in
320,1809,Drove in
421,1811,Drove in
421,1812,Drove in
421,1815,Drove in
395,1818,Drove in
395,1820,Drove in
421,1822,Drove in
361,1825,Drove in
395,1827,Drove in
395,1828,Drove in
362,1831,Drove in
422,1833,Drove in
422,1835,Drove in
362,1836,Drove in
440,1839,Drove in
440,1840,Drove in
321,1842,Drove in
422,1845,Drove in
422,1847,Drove in
321,1848,Drove in
423,1851,Drove in
423,1852,Drove in
276,1853,Drove in
322,1855,Drove in
423,1856,Drove in
423,1858,Drove in
322,1860,Drove in
322,1861,Drove in
322,1863,Drove in
397,1865,Drove in
323,1867,Drove in
364,1869,Drove in
323,1870,Drove in
323,1872,Drove in
323,1874,Drove in
323,1875,Drove in
364,1876,Drove in
277,1878,Drove in
323,1881,Drove in
277,1882,Drove in
475,1884,Drove in
398,1885,Drove in
365,1887,Drove in
464,1889,Drove in
475,1891,Drove in
398,1892,Drove in
365,1894,Drove in
441,1896,Drove in
441,1897,Drove in
398,1899,Drove in
279,1902,Drove in
366,1905,Drove in
399,1906,Drove in
366,1907,Drove in
399,1909,Drove in
279,1910,Drove in
279,1911,Drove in
366,1912,Drove in
399,1913,Drove in
279,1914,Drove in
367,1916,Drove in
400,1918,Drove in
425,1919,Drove in
326,1922,Drove in
425,1923,Drove in
280,1925,Drove in
280,1927,Drove in
400,1929,Drove in
326,1931,Drove in
326,1932,Drove in
465,1933,Drove in
281,1934,Drove in
465,1935,Drove in
454,1936,Drove in
465,1939,Drove in
487,1940,Drove in
476,1943,Drove in
487,1945,Drove in
487,1947,Drove in
426,1948,Drove in
402,1949,Drove in
282,1950,Drove in
328,1952,Drove in
402,1954,Drove in
402,1955,Drove in
369,1956,Drove in
282,1958,Drove in
369,1960,Drove in
369,1963,Drove in
282,1964,Drove in
427,1965,Drove in
427,1967,Drove in
403,1970,Drove in
329,1973,Drove in
370,1975,Drove in
403,1978,Drove in
370,1981,Drove in
370,1982,Drove in
283,1984,Drove in
403,1986,Drove in
443,1988,Drove in
404,1991,Drove in
455,1992,Drove in
466,1996,Drove in
477,1997,Drove in
330,2000,Drove in
371,2003,Drove in
330,2005,Drove in
477,2007,Drove in
477,2009,Drove in
285,2010,Drove in
331,2012,Drove in
331,2014,Drove in
331,2017,Drove in
331,2019,Drove in
285,2022,Drove in
285,2024,Drove in
285,2026,Drove in
285,2028,Drove in
285,2031,Drove in
332,2033,Drove in
286,2035,Drove in
286,2039,Drove in
372,2041,Drove in
286,2042,Drove in
332,2045,Drove in
286,2047,Drove in
332,2050,Drove in
372,2052,Drove in
332,2054,Drove in
456,2056,Drove in
333,2058,Drove in
430,2060,Drove in
406,2062,Drove in
333,2063,Drove in
406,2065,Drove in
287,2067,Drove in
478,2068,Drove in
467,2069,Drove in
478,2070,Drove in
374,2073,Drove in
374,2076,Drove in
288,2080,Drove in
288,2082,Drove in
374,2084,Drove in
374,2086,Drove in
288,2087,Drove in
374,2089,Drove in
334,2093,Drove in
288,2095,Drove in
457,2098,Drove in
457,2099,Drove in
431,2101,Drove in
335,2102,Drove in
289,2105,Drove in
289,2107,Drove in
335,2110,Drove in
407,2112,Drove in
407,2113,Drove in
375,2115,Drove in
290,2117,Drove in
290,2118,Drove in
290,2121,Drove in
290,2123,Drove in
290,2125,Drove in
290,2129,Drove in
290,2131,Drove in
290,2133,Drove in
290,2136,Drove in
290,2139,Drove in
376,2141,Drove in
291,2143,Drove in
376,2145,Drove in
291,2147,Drove in
291,2149,Drove in
336,2152,Drove in
376,2154,Drove in
291,2155,Drove in
336,2158,Drove in
336,2162,Drove in
446,2165,Drove in
497,2168,Drove in
408,2170,Drove in
469,2172,Drove in
446,2174,Drove in
377,2175,Drove in
377,2176,Drove in
337,2177,Drove in
432,2179,Drove in
337,2180,Drove in
338,2181,Drove in
293,2184,Drove in
338,2187,Drove in
338,2190,Drove in
338,2193,Drove in
338,2194,Drove in
293,2196,Drove in
338,2198,Drove in
338,2200,Drove in
338,2201,Drove in
433,2202,Drove in
409,2203,Drove in
433,2204,Drove in
459,2208,Drove in
447,2210,Drove in
433,2212,Drove in
470,2213,Drove in
339,2215,Drove in
339,2217,Drove in
459,2218,Drove in
340,2220,Drove in
295,2223,Drove in
471,2226,Drove in
340,2228,Drove in
460,2229,Drove in
448,2230,Drove in
448,2233,Drove in
499,2235,Drove in
434,2238,Drove in
434,2241,Drove in
341,2242,Drove in
296,2245,Drove in
341,2248,Drove in
341,2251,Drove in
296,2252,Drove in
296,2254,Drove in
380,2256,Drove in
296,2257,Drove in
341,2259,Drove in
380,2260,Drove in
297,2262,Drove in
381,2263,Drove in
342,2265,Drove in
381,2268,Drove in
297,2269,Drove in
297,2273,Drove in
411,2275,Drove in
342,2277,Drove in
342,2279,Drove in
381,2281,Drove in
382,2282,Drove in
435,2284,Drove in
435,2287,Drove in
435,2290,Drove in
435,2292,Drove in
435,2294,Drove in
343,2296,Drove in
412,2298,Drove in
382,2300,Drove in
343,2302,Drove in
461,2303,Drove in
493,2305,Drove in
483,2307,Drove in
500,2309,Drove in
344,2310,Drove in
472,2311,Drove in
299,2314,Drove in
500,2316,Drove in
493,2318,Drove in
461,2321,Drove in
345,2322,Drove in
345,2323,Drove in
300,2324,Drove in
300,2325,Drove in
300,2329,Drove in
300,2330,Drove in
300,2331,Drove in
300,2333,Drove in
345,2335,Drove in
300,2338,Drove in
251,2339,Drove in
346,2342,Drove in
251,2344,Drove in
384,2345,Drove in
301,2348,Drove in
346,2349,Drove in
384,2351,Drove in
301,2354,Drove in
251,2355,Drove in
384,2358,Drove in
252,2360,Drove in
302,2362,Drove in
252,2364,Drove in
252,2365,Drove in
385,2366,Drove in
252,2368,Drove in
347,2370,Drove in
252,2372,Drove in
302,2374,Drove in
347,2377,Drove in
257,2379,Drove in
257,2380,Drove in
307,2382,Drove in
257,2385,Drove in
257,2386,Drove in
351,2388,Drove in
257,2390,Drove in
257,2392,Drove in
351,2395,Drove in
257,2398,Drove in
258,2401,Drove in
258,2403,Drove in
258,2404,Drove in
258,2405,Drove in
258,2409,Drove in
258,2412,Drove in
258,2414,Drove in
258,2416,Drove in
258,2420,Drove in
258,2421,Drove in
259,2424,Drove in
259,2427,Drove in
259,2431,Drove in
259,2433,Drove in
259,2436,Drove in
259,2439,Drove in
259,2440,Drove in
259,2442,Drove in
259,2444,Drove in
259,2446,Drove in
352,2448,Drove in
308,2451,Drove in
388,2454,Drove in
308,2456,Drove in
260,2458,Drove in
308,2461,Drove in
308,2463,Drove in
308,2465,Drove in
352,2469,Drove in
388,2472,Drove in
310,2475,Drove in
353,2476,Drove in
262,2477,Drove in
262,2478,Drove in
262,2479,Drove in
353,2480,Drove in
310,2482,Drove in
310,2484,Drove in
353,2487,Drove in
310,2490,Drove in
263,2493,Drove in
311,2496,Drove in
311,2498,Drove in
263,2501,Drove in
263,2503,Drove in
263,2505,Drove in
263,2507,Drove in
311,2509,Drove in
311,2512,Drove in
263,2513,Drove in
391,2515,Drove in
265,2518,Drove in
391,2519,Drove in
265,2520,Drove in
417,2522,Drove in
313,2525,Drove in
391,2527,Drove in
265,2530,Drove in
355,2532,Drove in
355,2534,Drove in
266,2536,Drove in
266,2537,Drove in
314,2539,Drove in
314,2541,Drove in
266,2542,Drove in
314,2543,Drove in
314,2545,Drove in
314,2546,Drove in
314,2548,Drove in
314,2550,Drove in
267,2551,Drove in
356,2552,Drove in
356,2555,Drove in
267,2557,Drove in
356,2560,Drove in
267,2561,Drove in
356,2564,Drove in
356,2567,Drove in
267,2569,Drove in
267,2572,Drove in
268,2574,Drove in
357,2576,Drove in
392,2577,Drove in
268,2578,Drove in
268,2580,Drove in
418,2581,Drove in
418,2583,Drove in
392,2584,Drove in
357,2586,Drove in
268,2589,Drove in
358,2592,Drove in
269,2594,Drove in
358,2596,Drove in
269,2599,Drove in
317,2600,Drove in
269,2602,Drove in
269,2604,Drove in
358,2605,Drove in
269,2607,Drove in
269,2610,Drove in
473,2611,Drove in
270,2613,Drove in
473,2616,Drove in
473,2617,Drove in
484,2618,Drove in
318,2619,Drove in
438,2621,Drove in
473,2623,Drove in
438,2624,Drove in
318,2627,Drove in
394,2628,Drove in
474,2630,Drove in
319,2631,Drove in
452,2633,Drove in
474,2635,Drove in
474,2638,Drove in
394,2639,Drove in
485,2642,Drove in
360,2643,Drove in
474,2645,Drove in
272,2647,Drove in
272,2650,Drove in
272,2653,Drove in
272,2655,Drove in
272,2656,Drove in
272,2659,Drove in
272,2661,Drove in
272,2663,Drove in
272,2665,Drove in
272,2669,Drove in
273,2672,Drove in
273,2675,Drove in
273,2677,Drove in
273,2679,Drove in
273,2682,Drove in
273,2685,Drove in
273,2689,Drove in
273,2690,Drove in
273,2691,Drove in
273,2694,Drove in
361,2695,Drove in
421,2697,Drove in
395,2698,Drove in
320,2700,Drove in
395,2704,Drove in
421,2706,Drove in
395,2707,Drove in
320,2710,Drove in
274,2712,Drove in
361,2715,Drove in
422,2717,Drove in
440,2719,Drove in
321,2722,Drove in
396,2723,Drove in
321,2724,Drove in
362,2725,Drove in
321,2728,Drove in
396,2730,Drove in
440,2732,Drove in
440,2735,Drove in
322,2736,Drove in
276,2739,Drove in
423,2741,Drove in
363,2743,Drove in
363,2745,Drove in
276,2748,Drove in
423,2749,Drove in
423,2750,Drove in
276,2752,Drove in
322,2755,Drove in
278,2756,Drove in
324,2758,Drove in
324,2759,Drove in
365,2762,Drove in
365,2764,Drove in
464,2765,Drove in
365,2766,Drove in
441,2769,Drove in
486,2772,Drove in
365,2774,Drove in
325,2776,Drove in
325,2777,Drove in
325,2779,Drove in
399,2781,Drove in
399,2783,Drove in
399,2785,Drove in
279,2787,Drove in
279,2788,Drove in
366,2789,Drove in
366,2791,Drove in
401,2792,Drove in
327,2793,Drove in
327,2797,Drove in
368,2798,Drove in
487,2800,Drove in
281,2802,Drove in
476,2804,Drove in
487,2806,Drove in
465,2810,Drove in
494,2811,Drove in
402,2813,Drove in
328,2815,Drove in
282,2817,Drove in
402,2819,Drove in
402,2822,Drove in
402,2824,Drove in
328,2827,Drove in
328,2828,Drove in
402,2829,Drove in
282,2831,Drove in
283,2834,Drove in
283,2835,Drove in
427,2838,Drove in
403,2842,Drove in
403,2844,Drove in
329,2847,Drove in
403,2849,Drove in
283,2852,Drove in
283,2854,Drove in
329,2856,Drove in
477,2857,Drove in
466,2859,Drove in
284,2861,Drove in
488,2862,Drove in
466,2863,Drove in
428,2864,Drove in
466,2865,Drove in
443,2866,Drove in
371,2868,Drove in
371,2871,Drove in
285,2872,Drove in
285,2873,Drove in
285,2875,Drove in
285,2878,Drove in
331,2880,Drove in
285,2881,Drove in
331,2883,Drove in
331,2885,Drove in
331,2886,Drove in
285,2887,Drove in
405,2889,Drove in
372,2891,Drove in
286,2894,Drove in
429,2895,Drove in
429,2896,Drove in
429,2897,Drove in
332,2900,Drove in
332,2902,Drove in
429,2904,Drove in
429,2906,Drove in
333,2908,Drove in
444,2909,Drove in
333,2912,Drove in
406,2915,Drove in
333,2916,Drove in
467,2918,Drove in
444,2919,Drove in
456,2921,Drove in
478,2923,Drove in
444,2924,Drove in
288,2927,Drove in
374,2929,Drove in
288,2931,Drove in
334,2935,Drove in
374,2937,Drove in
288,2939,Drove in
334,2942,Drove in
288,2943,Drove in
288,2946,Drove in
288,2949,Drove in
479,2952,Drove in
457,2956,Drove in
335,2958,Drove in
445,2960,Drove in
468,2962,Drove in
468,2964,Drove in
407,2965,Drove in
375,2968,Drove in
468,2969,Drove in
445,2971,Drove in
290,2973,Drove in
290,2974,Drove in
290,2976,Drove in
290,2979,Drove in
290,2981,Drove in
290,2983,Drove in
290,2986,Drove in
290,2987,Drove in
290,2989,Drove in
290,2991,Drove in
376,2993,Drove in
376,2994,Drove in
291,2995,Drove in
291,2996,Drove in
376,2998,Drove in
336,2999,Drove in
376,3002,Drove in
336,3003,Drove in
336,3005,Drove in
336,3008,Drove in
480,3011,Drove in
480,3013,Drove in
458,3016,Drove in
377,3017,Drove in
458,3020,Drove in
292,3022,Drove in
337,3023,Drove in
458,3026,Drove in
497,3028,Drove in
337,3029,Drove in
338,3030,Drove in
293,3032,Drove in
293,3034,Drove in
293,3036,Drove in
293,3038,Drove in
293,3039,Drove in
293,3042,Drove in
338,3043,Drove in
338,3045,Drove in
338,3048,Drove in
491,3051,Drove in
498,3052,Drove in
481,3054,Drove in
447,3056,Drove in
433,3058,Drove in
447,3061,Drove in
409,3063,Drove in
409,3066,Drove in
491,3067,Drove in
498,3069,Drove in
482,3071,Drove in
448,3073,Drove in
340,3075,Drove in
410,3076,Drove in
340,3078,Drove in
460,3079,Drove in
471,3081,Drove in
434,3082,Drove in
460,3084,Drove in
471,3088,Drove in
380,3090,Drove in
296,3092,Drove in
380,3093,Drove in
296,3094,Drove in
296,3096,Drove in
380,3098,Drove in
296,3100,Drove in
341,3102,Drove in
380,3104,Drove in
296,3105,Drove in
297,3106,Drove in
381,3108,Drove in
411,3109,Drove in
381,3111,Drove in
297,3113,Drove in
411,3116,Drove in
297,3117,Drove in
297,3119,Drove in
342,3122,Drove in
342,3125,Drove in
299,3126,Drove in
449,3129,Drove in
472,3130,Drove in
500,3132,Drove in
472,3135,Drove in
383,3136,Drove in
413,3138,Drove in
493,3140,Drove in
344,3141,Drove in
436,3144,Drove in
300,3145,Drove in
300,3147,Drove in
300,3149,Drove in
300,3152,Drove in
345,3154,Drove in
300,3155,Drove in
300,3157,Drove in
345,3159,Drove in
300,3162,Drove in
345,3164,Drove in
346,3165,Drove in
251,3167,Drove in
251,3170,Drove in
346,3173,Drove in
251,3175,Drove in
251,3176,Drove in
301,3178,Drove in
301,3180,Drove in
346,3182,Drove in
384,3184,Drove in
347,3185,Drove in
252,3187,Drove in
302,3188,Drove in
302,3189,Drove in
302,3190,Drove in
385,3191,Drove in
302,3193,Drove in
252,3195,Drove in
252,3199,Drove in
385,3201,Drove in
307,3202,Drove in
307,3203,Drove in
307,3205,Drove in
307,3207,Drove in
351,3208,Drove in
257,3210,Drove in
351,3212,Drove in
257,3213,Drove in
307,3215,Drove in
307,3217,Drove in
259,3220,Drove in
259,3221,Drove in
259,3222,Drove in
259,3224,Drove in
259,3227,Drove in
259,3229,Drove in
259,3232,Drove in
259,3234,Drove in
259,3236,Drove in
259,3239,Drove in
308,3241,Drove in
388,3243,Drove in
352,3246,Drove in
352,3247,Drove in
388,3249,Drove in
308,3252,Drove in
352,3253,Drove in
352,3257,Drove in
388,3259,Drove in
388,3261,Drove in
310,3262,Drove in
353,3264,Drove in
389,3266,Drove in
353,3269,Drove in
310,3272,Drove in
310,3273,Drove in
310,3274,Drove in
353,3275,Drove in
353,3276,Drove in
262,3279,Drove in
311,3282,Drove in
311,3284,Drove in
311,3285,Drove in
263,3288,Drove in
263,3291,Drove in
311,3293,Drove in
311,3296,Drove in
263,3297,Drove in
263,3300,Drove in
311,3301,Drove in
391,3303,Drove in
417,3306,Drove in
265,3307,Drove in
265,3308,Drove in
417,3312,Drove in
391,3315,Drove in
417,3318,Drove in
313,3320,Drove in
355,3322,Drove in
265,3325,Drove in
266,3327,Drove in
314,3330,Drove in
266,3331,Drove in
314,3334,Drove in
266,3336,Drove in
266,3338,Drove in
314,3341,Drove in
266,3343,Drove in
314,3346,Drove in
266,3349,Drove in
356,3352,Drove in
267,3353,Drove in
267,3354,Drove in
315,3357,Drove in
356,3360,Drove in
356,3361,Drove in
315,3363,Drove in
356,3365,Drove in
267,3368,Drove in
356,3370,Drove in
358,3373,Drove in
317,3375,Drove in
317,3377,Drove in
269,3379,Drove in
317,3380,Drove in
317,3381,Drove in
269,3385,Drove in
317,3388,Drove in
358,3389,Drove in
269,3391,Drove in
270,3394,Drove in
318,3397,Drove in
462,3398,Drove in
451,3400,Drove in
359,3404,Drove in
359,3405,Drove in
484,3406,Drove in
484,3408,Drove in
270,3411,Drove in
484,3412,Drove in
420,3413,Drove in
319,3416,Drove in
452,3417,Drove in
420,3419,Drove in
439,3422,Drove in
271,3424,Drove in
394,3427,Drove in
463,3428,Drove in
271,3430,Drove in
452,3431,Drove in
272,3433,Drove in
272,3435,Drove in
272,3437,Drove in
272,3438,Drove in
272,3439,Drove in
272,3442,Drove in
272,3444,Drove in
272,3446,Drove in
272,3448,Drove in
272,3449,Drove in
320,3452,Drove in
274,3455,Drove in
361,3456,Drove in
421,3458,Drove in
395,3460,Drove in
274,3462,Drove in
361,3465,Drove in
361,3467,Drove in
274,3470,Drove in
320,3471,Drove in
362,3473,Drove in
422,3474,Drove in
422,3475,Drove in
396,3477,Drove in
362,3479,Drove in
275,3480,Drove in
275,3482,Drove in
321,3485,Drove in
362,3486,Drove in
440,3489,Drove in
397,3491,Drove in
423,3492,Drove in
397,3494,Drove in
276,3495,Drove in
423,3498,Drove in
397,3500,Drove in
423,3501,Drove in
363,3504,Drove in
423,3506,Drove in
423,3507,Drove in
475,3509,Drove in
324,3510,Drove in
365,3511,Drove in
464,3513,Drove in
424,3516,Drove in
365,3517,Drove in
398,3519,Drove in
324,3522,Drove in
453,3523,Drove in
486,3525,Drove in
325,3528,Drove in
279,3530,Drove in
399,3532,Drove in
366,3534,Drove in
399,3535,Drove in
279,3536,Drove in
366,3537,Drove in
279,3539,Drove in
366,3542,Drove in
366,3544,Drove in
465,3546,Drove in
401,3547,Drove in
442,3548,Drove in
401,3549,Drove in
454,3550,Drove in
487,3551,Drove in
426,3554,Drove in
494,3556,Drove in
426,3558,Drove in
487,3560,Drove in
283,3562,Drove in
329,3563,Drove in
403,3566,Drove in
370,3569,Drove in
403,3571,Drove in
283,3573,Drove in
403,3576,Drove in
329,3579,Drove in
403,3580,Drove in
370,3582,Drove in
443,3584,Drove in
488,3587,Drove in
495,3588,Drove in
466,3589,Drove in
488,3590,Drove in
371,3592,Drove in
466,3595,Drove in
428,3598,Drove in
284,3601,Drove in
455,3603,Drove in
285,3605,Drove in
331,3607,Drove in
285,3609,Drove in
331,3611,Drove in
331,3613,Drove in
285,3616,Drove in
285,3617,Drove in
331,3619,Drove in
331,3621,Drove in
285,3624,Drove in
467,3627,Drove in
333,3629,Drove in
478,3631,Drove in
489,3634,Drove in
467,3635,Drove in
406,3636,Drove in
489,3639,Drove in
489,3641,Drove in
489,3643,Drove in
478,3644,Drove in
374,3645,Drove in
334,3648,Drove in
288,3651,Drove in
288,3654,Drove in
334,3657,Drove in
288,3659,Drove in
334,3661,Drove in
334,3662,Drove in
288,3664,Drove in
288,3666,Drove in
445,3667,Drove in
445,3670,Drove in
335,3671,Drove in
468,3673,Drove in
407,3674,Drove in
479,3676,Drove in
468,3678,Drove in
479,3680,Drove in
407,3682,Drove in
289,3683,Drove in
290,3685,Drove in
290,3687,Drove in
290,3690,Drove in
290,3692,Drove in
290,3694,Drove in
290,3695,Drove in
290,3697,Drove in
290,3699,Drove in
290,3700,Drove in
290,3702,Drove in
292,3703,Drove in
408,3704,Drove in
458,3705,Drove in
469,3707,Drove in
469,3708,Drove in
480,3709,Drove in
292,3712,Drove in
432,3713,Drove in
292,3715,Drove in
408,3718,Drove in
498,3719,Drove in
433,3721,Drove in
491,3723,Drove in
378,3724,Drove in
409,3725,Drove in
339,3727,Drove in
491,3730,Drove in
459,3731,Drove in
498,3732,Drove in
294,3734,Drove in
492,3736,Drove in
340,3738,Drove in
448,3740,Drove in
434,3741,Drove in
340,3744,Drove in
434,3745,Drove in
492,3747,Drove in
340,3749,Drove in
295,3750,Drove in
410,3753,Drove in
380,3756,Drove in
296,3758,Drove in
341,3760,Drove in
296,3762,Drove in
296,3764,Drove in
296,3766,Drove in
296,3768,Drove in
380,3770,Drove in
380,3772,Drove in
380,3775,Drove in
297,3777,Drove in
342,3780,Drove in
342,3782,Drove in
297,3784,Drove in
381,3786,Drove in
342,3789,Drove in
381,3790,Drove in
342,3791,Drove in
297,3792,Drove in
381,3795,Drove in
500,3797,Drove in
483,3800,Drove in
299,3802,Drove in
493,3804,Drove in
299,3805,Drove in
483,3807,Drove in
413,3810,Drove in
461,3811,Drove in
493,3813,Drove in
436,3814,Drove in
385,3815,Drove in
385,3817,Drove in
385,3820,Drove in
252,3821,Drove in
252,3823,Drove in
385,3826,Drove in
385,3828,Drove in
302,3830,Drove in
385,3833,Drove in
347,3834,Drove in
259,3835,Drove in
259,3837,Drove in
259,3838,Drove in
259,3840,Drove in
259,3841,Drove in
259,3842,Drove in
259,3845,Drove in
259,3847,Drove in
259,3849,Drove in
259,3851,Drove in
308,3852,Drove in
260,3853,Drove in
308,3854,Drove in
352,3857,Drove in
308,3860,Drove in
388,3862,Drove in
388,3864,Drove in
260,3865,Drove in
260,3866,Drove in
352,3867,Drove in
310,3868,Drove in
389,3871,Drove in
353,3872,Drove in
353,3873,Drove in
310,3876,Drove in
389,3879,Drove in
389,3882,Drove in
353,3884,Drove in
389,3886,Drove in
310,3887,Drove in
315,3889,Drove in
267,3891,Drove in
315,3893,Drove in
356,3895,Drove in
267,3898,Drove in
356,3899,Drove in
267,3902,Drove in
356,3904,Drove in
356,3907,Drove in
356,3909,Drove in
393,3910,Drove in
462,3911,Drove in
318,3914,Drove in
359,3916,Drove in
393,3918,Drove in
451,3919,Drove in
438,3921,Drove in
473,3924,Drove in
393,3925,Drove in
359,3927,Drove in
319,3928,Drove in
420,3929,Drove in
271,3931,Drove in
452,3934,Drove in
439,3936,Drove in
474,3938,Drove in
271,3940,Drove in
360,3942,Drove in
439,3944,Drove in
420,3946,Drove in
275,3949,Drove in
422,3951,Drove in
396,3954,Drove in
321,3956,Drove in
275,3959,Drove in
321,3961,Drove in
440,3963,Drove in
321,3966,Drove in
440,3968,Drove in
321,3971,Drove in
465,3972,Drove in
487,3973,Drove in
487,3975,Drove in
465,3976,Drove in
368,3977,Drove in
281,3979,Drove in
327,3981,Drove in
442,3982,Drove in
465,3983,Drove in
327,3984,Drove in
330,3986,Drove in
371,3988,Drove in
428,3990,Drove in
495,3991,Drove in
371,3992,Drove in
284,3994,Drove in
443,3996,Drove in
488,3999,Drove in
455,4000,Drove in
443,4001,Drove in
406,4002,Drove in
430,4004,Drove in
467,4005,Drove in
496,4007,Drove in
406,4008,Drove in
406,4011,Drove in
373,4013,Drove in
496,4016,Drove in
489,4017,Drove in
406,4018,Drove in
479,4021,Drove in
289,4022,Drove in
375,4024,Drove in
479,4025,Drove in
457,4026,Drove in
445,4028,Drove in
335,4030,Drove in
479,4031,Drove in
457,4033,Drove in
289,4034,Drove in
290,4035,Drove in
290,4036,Drove in
290,4038,Drove in
290,4040,Drove in
290,4041,Drove in
290,4043,Drove in
290,4044,Drove in
290,4046,Drove in
290,4048,Drove in
290,4050,Drove in
497,4051,Drove in
377,4052,Drove in
446,4053,Drove in
497,4055,Drove in
446,4057,Drove in
480,4060,Drove in
480,4062,Drove in
497,4064,Drove in
446,4065,Drove in
480,4067,Drove in
294,4070,Drove in
339,4073,Drove in
459,4074,Drove in
470,4076,Drove in
378,4077,Drove in
294,4078,Drove in
498,4079,Drove in
459,4080,Drove in
447,4081,Drove in
491,4083,Drove in
492,4085,Drove in
434,4086,Drove in
460,4088,Drove in
410,4090,Drove in
482,4092,Drove in
434,4094,Drove in
434,4097,Drove in
295,4099,Drove in
471,4101,Drove in
499,4102,Drove in
296,4103,Drove in
341,4104,Drove in
296,4105,Drove in
296,4107,Drove in
341,4109,Drove in
380,4112,Drove in
341,4115,Drove in
296,4119,Drove in
296,4121,Drove in
380,4124,Drove in
297,4125,Drove in
381,4126,Drove in
342,4127,Drove in
342,4129,Drove in
411,4131,Drove in
297,4133,Drove in
411,4135,Drove in
297,4136,Drove in
297,4138,Drove in
342,4140,Drove in
483,4142,Drove in
383,4143,Drove in
472,4144,Drove in
472,4146,Drove in
483,4147,Drove in
493,4149,Drove in
413,4151,Drove in
472,4153,Drove in
449,4154,Drove in
483,4155,Drove in
347,4156,Drove in
302,4157,Drove in
252,4160,Drove in
385,4162,Drove in
385,4165,Drove in
252,4166,Drove in
302,4169,Drove in
302,4172,Drove in
302,4173,Drove in
385,4175,Drove in
259,4176,Drove in
259,4179,Drove in
259,4181,Drove in
259,4183,Drove in
259,4186,Drove in
259,4187,Drove in
259,4189,Drove in
259,4192,Drove in
259,4193,Drove in
259,4195,Drove in
353,4197,Drove in
310,4200,Drove in
262,4202,Drove in
353,4204,Drove in
353,4208,Drove in
389,4210,Drove in
353,4213,Drove in
310,4215,Drove in
353,4218,Drove in
310,4220,Drove in
462,4222,Drove in
419,4223,Drove in
270,4224,Drove in
359,4225,Drove in
359,4228,Drove in
270,4230,Drove in
419,4232,Drove in
318,4235,Drove in
484,4237,Drove in
473,4239,Drove in
420,4240,Drove in
485,4243,Drove in
485,4245,Drove in
439,4247,Drove in
420,4249,Drove in
463,4253,Drove in
360,4255,Drove in
439,4257,Drove in
360,4260,Drove in
452,4261,Drove in
401,4263,Drove in
327,4264,Drove in
426,4268,Drove in
368,4269,Drove in
401,4270,Drove in
487,4271,Drove in
442,4272,Drove in
494,4274,Drove in
401,4275,Drove in
426,4277,Drove in
466,4278,Drove in
455,4279,Drove in
488,4280,Drove in
371,4281,Drove in
455,4283,Drove in
428,4286,Drove in
443,4287,Drove in
443,4289,Drove in
284,4291,Drove in
466,4293,Drove in
444,4294,Drove in
456,4295,Drove in
478,4298,Drove in
496,4300,Drove in
489,4302,Drove in
333,4303,Drove in
467,4304,Drove in
456,4305,Drove in
496,4307,Drove in
467,4308,Drove in
407,4309,Drove in
479,4311,Drove in
335,4313,Drove in
289,4316,Drove in
431,4317,Drove in
431,4319,Drove in
479,4321,Drove in
457,4323,Drove in
335,4326,Drove in
445,4328,Drove in
490,4330,Drove in
458,4331,Drove in
408,4334,Drove in
446,4336,Drove in
432,4339,Drove in
377,4341,Drove in
292,4343,Drove in
292,4344,Drove in
292,4347,Drove in
408,4350,Drove in
447,4352,Drove in
470,4354,Drove in
470,4355,Drove in
378,4357,Drove in
409,4359,Drove in
491,4361,Drove in
498,4362,Drove in
459,4363,Drove in
294,4365,Drove in
491,4367,Drove in
295,4369,Drove in
434,4371,Drove in
482,4373,Drove in
340,4374,Drove in
434,4377,Drove in
434,4380,Drove in
482,4382,Drove in
482,4383,Drove in
340,4384,Drove in
295,4386,Drove in
380,4388,Drove in
341,4390,Drove in
380,4393,Drove in
380,4394,Drove in
380,4395,Drove in
341,4396,Drove in
296,4398,Drove in
296,4400,Drove in
341,4401,Drove in
380,4403,Drove in
383,4405,Drove in
493,4406,Drove in
449,4408,Drove in
493,4411,Drove in
472,4413,Drove in
383,4415,Drove in
383,4416,Drove in
436,4418,Drove in
493,4421,Drove in
413,4422,Drove in
451,4424,Drove in
393,4425,Drove in
462,4428,Drove in
473,4431,Drove in
419,4432,Drove in
393,4435,Drove in
318,4437,Drove in
270,4440,Drove in
359,4442,Drove in
270,4444,Drove in
439,4445,Drove in
485,4448,Drove in
452,4450,Drove in
394,4452,Drove in
394,4454,Drove in
474,4458,Drove in
474,4459,Drove in
463,4460,Drove in
452,4462,Drove in
319,4465,Drove in
368,4467,Drove in
476,4469,Drove in
476,4470,Drove in
476,4472,Drove in
327,4473,Drove in
454,4477,Drove in
476,4479,Drove in
454,4481,Drove in
368,4483,Drove in
494,4485,Drove in
284,4487,Drove in
404,4488,Drove in
455,4491,Drove in
488,4492,Drove in
330,4494,Drove in
404,4496,Drove in
488,4497,Drove in
330,4499,Drove in
371,4502,Drove in
495,4503,Drove in
444,4504,Drove in
478,4506,Drove in
496,4509,Drove in
489,4511,Drove in
287,4513,Drove in
333,4515,Drove in
430,4518,Drove in
496,4520,Drove in
478,4522,Drove in
373,4524,Drove in
335,4526,Drove in
407,4527,Drove in
457,4529,Drove in
431,4531,Drove in
479,4533,Drove in
479,4535,Drove in
457,4537,Drove in
468,4539,Drove in
375,4540,Drove in
457,4543,Drove in
446,4544,Drove in
497,4546,Drove in
432,4547,Drove in
469,4548,Drove in
480,4549,Drove in
480,4552,Drove in
432,4553,Drove in
337,4556,Drove in
432,4557,Drove in
490,4561,Drove in
481,4562,Drove in
459,4563,Drove in
447,4565,Drove in
481,4567,Drove in
459,4569,Drove in
459,4571,Drove in
459,4572,Drove in
481,4573,Drove in
378,4575,Drove in
470,4576,Drove in
295,4578,Drove in
460,4579,Drove in
448,4580,Drove in
379,4582,Drove in
499,4584,Drove in
379,4586,Drove in
460,4589,Drove in
434,4590,Drove in
482,4592,Drove in
448,4594,Drove in
296,4595,Drove in
341,4597,Drove in
341,4598,Drove in
341,4602,Drove in
380,4606,Drove in
296,4608,Drove in
296,4611,Drove in
380,4613,Drove in
341,4615,Drove in
296,4618,Drove in
344,4621,Drove in
483,4623,Drove in
344,4625,Drove in
436,4628,Drove in
500,4630,Drove in
344,4632,Drove in
483,4635,Drove in
383,4637,Drove in
493,4638,Drove in
449,4639,Drove in
318,4641,Drove in
419,4643,Drove in
359,4644,Drove in
462,4646,Drove in
462,4648,Drove in
438,4650,Drove in
438,4651,Drove in
484,4654,Drove in
393,4657,Drove in
359,4660,Drove in
485,4662,Drove in
319,4664,Drove in
420,4666,Drove in
319,4668,Drove in
271,4669,Drove in
452,4671,Drove in
420,4672,Drove in
439,4673,Drove in
420,4676,Drove in
485,4678,Drove in
465,4680,Drove in
368,4682,Drove in
476,4683,Drove in
401,4684,Drove in
401,4686,Drove in
465,4689,Drove in
327,4691,Drove in
487,4692,Drove in
368,4694,Drove in
401,4695,Drove in
284,4696,Drove in
488,4699,Drove in
371,4700,Drove in
284,4701,Drove in
455,4703,Drove in
330,4704,Drove in
428,4706,Drove in
443,4708,Drove in
455,4709,Drove in
455,4710,Drove in
287,4713,Drove in
373,4715,Drove in
287,4717,Drove in
456,4720,Drove in
478,4723,Drove in
430,4726,Drove in
406,4729,Drove in
467,4730,Drove in
489,4731,Drove in
287,4732,Drove in
468,4735,Drove in
468,4736,Drove in
335,4737,Drove in
407,4740,Drove in
445,4743,Drove in
431,4745,Drove in
445,4748,Drove in
375,4750,Drove in
457,4751,Drove in
431,4752,Drove in
292,4754,Drove in
446,4757,Drove in
292,4759,Drove in
458,4762,Drove in
458,4765,Drove in
469,4767,Drove in
292,4769,Drove in
446,4770,Drove in
408,4772,Drove in
480,4773,Drove in
409,4775,Drove in
294,4777,Drove in
481,4778,Drove in
470,4780,Drove in
498,4782,Drove in
481,4783,Drove in
378,4784,Drove in
470,4786,Drove in
433,4788,Drove in
498,4789,Drove in
499,4790,Drove in
295,4792,Drove in
434,4795,Drove in
471,4798,Drove in
499,4800,Drove in
448,4803,Drove in
460,4805,Drove in
295,4806,Drove in
379,4809,Drove in
460,4810,Drove in
472,4812,Drove in
500,4813,Drove in
500,4815,Drove in
449,4818,Drove in
500,4819,Drove in
483,4822,Drove in
344,4823,Drove in
493,4825,Drove in
472,4826,Drove in
436,4827,Drove in
318,4828,Drove in
462,4830,Drove in
318,4833,Drove in
473,4834,Drove in
393,4835,Drove in
451,4838,Drove in
359,4839,Drove in
484,4841,Drove in
419,4843,Drove in
462,4845,Drove in
452,4847,Drove in
474,4849,Drove in
319,4851,Drove in
394,4854,Drove in
463,4857,Drove in
439,4860,Drove in
485,4861,Drove in
360,4864,Drove in
420,4865,Drove in
360,4867,Drove in
476,4868,Drove in
494,4871,Drove in
426,4873,Drove in
327,4876,Drove in
442,4877,Drove in
327,4879,Drove in
454,4881,Drove in
487,4883,Drove in
454,4885,Drove in
442,4886,Drove in
477,4888,Drove in
466,4889,Drove in
495,4891,Drove in
488,4892,Drove in
495,4894,Drove in
455,4896,Drove in
428,4898,Drove in
371,4899,Drove in
428,4903,Drove in
455,4904,Drove in
287,4907,Drove in
333,4908,Drove in
478,4910,Drove in
430,4913,Drove in
489,4915,Drove in
456,4918,Drove in
467,4919,Drove in
406,4921,Drove in
287,4922,Drove in
373,4925,Drove in
457,4927,Drove in
335,4930,Drove in
431,4932,Drove in
431,4933,Drove in
468,4936,Drove in
468,4938,Drove in
431,4939,Drove in
445,4942,Drove in
289,4944,Drove in
289,4946,Drove in
490,4948,Drove in
458,4949,Drove in
292,4952,Drove in
408,4955,Drove in
337,4957,Drove in
497,4959,Drove in
497,4960,Drove in
408,4962,Drove in
292,4964,Drove in
497,4966,Drove in
447,4967,Drove in
470,4968,Drove in
470,4969,Drove in
491,4971,Drove in
433,4972,Drove in
433,4975,Drove in
498,4976,Drove in
459,4977,Drove in
339,4979,Drove in
498,4981,Drove in
471,4982,Drove in
448,4983,Drove in
410,4985,Drove in
460,4986,Drove in
482,4988,Drove in
410,4989,Drove in
295,4991,Drove in
410,4993,Drove in
482,4995,Drove in
379,4998,Drove in
344,4999,Drove in
500,5000,Drove in
344,5001,Drove in
500,5003,Drove in
472,5004,Drove in
461,5007,Drove in
493,5009,Drove in
299,5012,Drove in
449,5013,Drove in
461,5015,Drove in
318,5017,Drove in
451,5019,Drove in
484,5021,Drove in
473,5023,Drove in
473,5025,Drove in
473,5026,Drove in
438,5029,Drove in
393,5030,Drove in
438,5032,Drove in
484,5034,Drove in
360,5036,Drove in
319,5039,Drove in
271,5040,Drove in
452,5043,Drove in
452,5044,Drove in
485,5045,Drove in
360,5047,Drove in
271,5049,Drove in
463,5051,Drove in
463,5053,Drove in
494,5054,Drove in
487,5056,Drove in
454,5057,Drove in
494,5060,Drove in
465,5062,Drove in
401,5063,Drove in
442,5065,Drove in
426,5068,Drove in
426,5069,Drove in
327,5071,Drove in
455,5073,Drove in
428,5074,Drove in
371,5076,Drove in
330,5080,Drove in
443,5083,Drove in
455,5084,Drove in
477,5085,Drove in
466,5088,Drove in
404,5089,Drove in
284,5090,Drove in
457,5093,Drove in
375,5095,Drove in
468,5097,Drove in
445,5098,Drove in
407,5101,Drove in
468,5103,Drove in
335,5104,Drove in
479,5105,Drove in
431,5107,Drove in
335,5109,Drove in
446,5110,Drove in
432,5114,Drove in
337,5116,Drove in
377,5119,Drove in
292,5120,Drove in
377,5122,Drove in
292,5123,Drove in
497,5125,Drove in
458,5126,Drove in
469,5127,Drove in
378,5129,Drove in
481,5130,Drove in
378,5132,Drove in
491,5134,Drove in
459,5135,Drove in
470,5137,Drove in
433,5138,Drove in
378,5139,Drove in
294,5141,Drove in
339,5143,Drove in
340,5145,Drove in
471,5148,Drove in
499,5150,Drove in
448,5152,Drove in
499,5154,Drove in
448,5156,Drove in
499,5158,Drove in
434,5161,Drove in
379,5164,Drove in
295,5165,Drove in
299,5167,Drove in
461,5169,Drove in
299,5171,Drove in
299,5173,Drove in
383,5175,Drove in
436,5176,Drove in
436,5178,Drove in
413,5179,Drove in
500,5181,Drove in
344,5182,Drove in
447,5185,Drove in
459,5187,Drove in
294,5190,Drove in
339,5192,Drove in
481,5194,Drove in
481,5198,Drove in
447,5201,Drove in
491,5203,Drove in
459,5204,Drove in
409,5205,Drove in
492,5207,Drove in
499,5208,Drove in
448,5210,Drove in
471,5211,Drove in
379,5212,Drove in
499,5213,Drove in
492,5215,Drove in
499,5217,Drove in
434,5219,Drove in
499,5221,Drove in
500,5223,Drove in
500,5224,Drove in
436,5226,Drove in
344,5227,Drove in
436,5229,Drove in
299,5230,Drove in
344,5231,Drove in
483,5233,Drove in
383,5235,Drove in
344,5236,Drove in
325,5238,Drove in
279,5241,Drove in
279,5244,Drove in
366,5248,Drove in
399,5251,Drove in
399,5253,Drove in
399,5255,Drove in
325,5257,Drove in
366,5260,Drove in
399,5261,Drove in
325,5263,Drove in
279,5265,Drove in
279,5267,Drove in
399,5269,Drove in
399,5272,Drove in
279,5274,Drove in
366,5276,Drove in
325,5277,Drove in
279,5279,Drove in
279,5281,Drove in
297,5283,Drove in
381,5284,Drove in
411,5286,Drove in
381,5287,Drove in
297,5289,Drove in
342,5291,Drove in
342,5293,Drove in
342,5297,Drove in
342,5298,Drove in
381,5300,Drove in
411,5301,Drove in
381,5304,Drove in
297,5306,Drove in
297,5309,Drove in
342,5310,Drove in
381,5313,Drove in
342,5315,Drove in
342,5319,Drove in
411,5321,Drove in
297,5322,Drove in
321,5324,Drove in
422,5325,Drove in
396,5327,Drove in
396,5330,Drove in
362,5332,Drove in
321,5335,Drove in
422,5337,Drove in
440,5339,Drove in
321,5342,Drove in
396,5344,Drove in
275,5347,Drove in
440,5349,Drove in
396,5351,Drove in
396,5353,Drove in
275,5355,Drove in
362,5356,Drove in
440,5358,Drove in
440,5359,Drove in
422,5360,Drove in
362,5362,Drove in
409,5365,Drove in
409,5368,Drove in
447,5371,Drove in
433,5373,Drove in
339,5376,Drove in
339,5377,Drove in
294,5381,Drove in
498,5384,Drove in
294,5386,Drove in
498,5388,Drove in
378,5389,Drove in
433,5391,Drove in
447,5393,Drove in
339,5396,Drove in
481,5399,Drove in
491,5402,Drove in
459,5403,Drove in
433,5405,Drove in
491,5406,Drove in
447,5408,Drove in
262,5411,Drove in
353,5413,Drove in
353,5415,Drove in
310,5418,Drove in
262,5420,Drove in
310,5421,Drove in
389,5422,Drove in
262,5423,Drove in
353,5425,Drove in
389,5428,Drove in
262,5429,Drove in
262,5431,Drove in
262,5433,Drove in
262,5435,Drove in
262,5436,Drove in
389,5438,Drove in
310,5440,Drove in
310,5442,Drove in
353,5444,Drove in
389,5447,Drove in
334,5450,Drove in
374,5453,Drove in
288,5455,Drove in
334,5457,Drove in
374,5458,Drove in
334,5461,Drove in
334,5463,Drove in
288,5465,Drove in
334,5468,Drove in
374,5469,Drove in
334,5471,Drove in
334,5472,Drove in
288,5475,Drove in
334,5477,Drove in
374,5479,Drove in
334,5481,Drove in
334,5484,Drove in
334,5485,Drove in
288,5487,Drove in
334,5488,Drove in
269,5491,Drove in
358,5493,Drove in
269,5495,Drove in
317,5496,Drove in
269,5498,Drove in
269,5500,Drove in
358,5502,Drove in
269,5503,Drove in
269,5505,Drove in
358,5507,Drove in
269,5509,Drove in
317,5511,Drove in
269,5514,Drove in
317,5517,Drove in
358,5519,Drove in
358,5522,Drove in
317,5524,Drove in
269,5526,Drove in
317,5529,Drove in
358,5530,Drove in
305,5532,Drove in
305,5534,Drove in
255,5538,Drove in
255,5540,Drove in
350,5542,Drove in
305,5543,Drove in
255,5545,Drove in
255,5547,Drove in
350,5549,Drove in
255,5551,Drove in
255,5553,Drove in
305,5555,Drove in
305,5559,Drove in
305,5561,Drove in
255,5563,Drove in
255,5564,Drove in
305,5567,Drove in
305,5569,Drove in
305,5571,Drove in
305,5572,Drove in
405,5573,Drove in
405,5575,Drove in
372,5576,Drove in
286,5580,Drove in
286,5582,Drove in
332,5585,Drove in
372,5587,Drove in
429,5589,Drove in
372,5592,Drove in
332,5595,Drove in
372,5596,Drove in
286,5598,Drove in
429,5599,Drove in
405,5601,Drove in
405,5604,Drove in
286,5606,Drove in
372,5608,Drove in
405,5610,Drove in
286,5612,Drove in
286,5613,Drove in
261,5615,Drove in
261,5618,Drove in
261,5621,Drove in
309,5623,Drove in
309,5626,Drove in
261,5628,Drove in
261,5630,Drove in
309,5631,Drove in
309,5632,Drove in
309,5635,Drove in
309,5638,Drove in
309,5641,Drove in
261,5642,Drove in
309,5645,Drove in
309,5647,Drove in
261,5650,Drove in
309,5652,Drove in
261,5653,Drove in
261,5655,Drove in
309,5656,Drove in
