"id","label","TSLNo"
"1348","OT",NA
"1352","OT",NA
"1355","OT",NA
"1360","OT",NA
"1364","OT",NA
"1366","OT",NA
"1370","OT",NA
"1374","OT",NA
"1377","OT",NA
"1379","OT",NA
"1388","OT",NA
"1394","OT",NA
"1397","OT",NA
"1400","OT",NA
"1407","OT",NA
"1412","OT",NA
"1417","OT",NA
"1421","OT",NA
"1425","OT",NA
"1427","OT",NA
"1429","OT",NA
"1433","OT",NA
"1437","OT",NA
"1445","OT",NA
"1450","OT",NA
"1453","OT",NA
"1456","OT",NA
"1459","OT",NA
"1465","OT",NA
"1467","OT",NA
"1472","OT",NA
"1477","OT",NA
"1479","OT",NA
"1482","OT",NA
"1485","OT",NA
"1490","OT",NA
"1501","OT",NA
"1504","OT",NA
"1506","OT",NA
"1508","OT",NA
"1511","OT",NA
"1513","OT",NA
"1516","OT",NA
"1520","OT",NA
"1524","OT",NA
"1526","OT",NA
"1528","OT",NA
"1535","OT",NA
"1538","OT",NA
"1543","OT",NA
"1545","OT",NA
"1548","OT",NA
"1551","OT",NA
"1555","OT",NA
"1562","OT",NA
"1570","OT",NA
"1578","OT",NA
"1583","OT",NA
"1585","OT",NA
"1587","OT",NA
"1593","OT",NA
"1598","OT",NA
"1602","OT",NA
"1605","OT",NA
"1608","OT",NA
"1612","OT",NA
"1614","OT",NA
"1618","OT",NA
"1620","OT",NA
"1622","OT",NA
"1629","OT",NA
"1633","OT",NA
"1636","OT",NA
"1641","OT",NA
"1643","OT",NA
"1646","OT",NA
"1648","OT",NA
"1654","OT",NA
"1658","OT",NA
"1661","OT",NA
"1670","OT",NA
"1674","OT",NA
"1676","OT",NA
"1682","OT",NA
"1684","OT",NA
"1688","OT",NA
"1690","OT",NA
"1692","OT",NA
"1695","OT",NA
"1700","OT",NA
"1703","OT",NA
"1705","OT",NA
"1709","OT",NA
"1712","OT",NA
"1715","OT",NA
"1718","OT",NA
"1721","OT",NA
"1723","OT",NA
"1729","OT",NA
"1736","OT",NA
"1741","OT",NA
"1749","OT",NA
"1754","OT",NA
"1756","OT",NA
"1759","OT",NA
"1762","OT",NA
"1769","OT",NA
"1772","OT",NA
"1775","OT",NA
"1779","OT",NA
"1785","OT",NA
"1787","OT",NA
"1792","OT",NA
"1794","OT",NA
"1796","OT",NA
"1798","OT",NA
"1803","OT",NA
"1808","OT",NA
"1810","OT",NA
"1814","OT",NA
"1817","OT",NA
"1819","OT",NA
"1824","OT",NA
"1830","OT",NA
"1834","OT",NA
"1838","OT",NA
"1841","OT",NA
"1846","OT",NA
"1849","OT",NA
"1857","OT",NA
"1859","OT",NA
"1864","OT",NA
"1866","OT",NA
"1868","OT",NA
"1871","OT",NA
"1873","OT",NA
"1879","OT",NA
"1890","OT",NA
"1895","OT",NA
"1898","OT",NA
"1901","OT",NA
"1903","OT",NA
"1915","OT",NA
"1917","OT",NA
"1930","OT",NA
"1938","OT",NA
"1941","OT",NA
"1944","OT",NA
"1953","OT",NA
"1961","OT",NA
"1969","OT",NA
"1972","OT",NA
"1974","OT",NA
"1976","OT",NA
"1980","OT",NA
"1983","OT",NA
"1985","OT",NA
"1990","OT",NA
"1994","OT",NA
"1998","OT",NA
"2001","OT",NA
"2004","OT",NA
"2006","OT",NA
"2008","OT",NA
"2011","OT",NA
"2013","OT",NA
"2016","OT",NA
"2018","OT",NA
"2020","OT",NA
"2037","OT",NA
"2040","OT",NA
"2044","OT",NA
"2049","OT",NA
"2055","OT",NA
"2059","OT",NA
"2064","OT",NA
"2066","OT",NA
"2071","OT",NA
"2074","OT",NA
"2078","OT",NA
"2081","OT",NA
"2083","OT",NA
"2088","OT",NA
"2091","OT",NA
"2097","OT",NA
"2104","OT",NA
"2106","OT",NA
"2114","OT",NA
"2116","OT",NA
"2119","OT",NA
"2124","OT",NA
"2127","OT",NA
"2130","OT",NA
"2135","OT",NA
"2137","OT",NA
"2144","OT",NA
"2148","OT",NA
"2151","OT",NA
"2153","OT",NA
"2156","OT",NA
"2160","OT",NA
"2163","OT",NA
"2167","OT",NA
"2178","OT",NA
"2182","OT",NA
"2185","OT",NA
"2189","OT",NA
"2191","OT",NA
"2199","OT",NA
"2206","OT",NA
"2211","OT",NA
"2224","OT",NA
"2232","OT",NA
"2237","OT",NA
"2240","OT",NA
"2246","OT",NA
"2250","OT",NA
"2253","OT",NA
"2255","OT",NA
"2258","OT",NA
"2261","OT",NA
"2271","OT",NA
"2276","OT",NA
"2278","OT",NA
"2280","OT",NA
"2286","OT",NA
"2289","OT",NA
"2293","OT",NA
"2295","OT",NA
"2297","OT",NA
"2299","OT",NA
"2301","OT",NA
"2304","OT",NA
"2313","OT",NA
"2315","OT",NA
"2327","OT",NA
"2332","OT",NA
"2334","OT",NA
"2336","OT",NA
"2340","OT",NA
"2343","OT",NA
"2346","OT",NA
"2350","OT",NA
"2357","OT",NA
"2361","OT",NA
"2363","OT",NA
"2367","OT",NA
"2369","OT",NA
"2371","OT",NA
"2376","OT",NA
"2378","OT",NA
"2381","OT",NA
"2389","OT",NA
"2391","OT",NA
"2393","OT",NA
"2397","OT",NA
"2400","OT",NA
"2407","OT",NA
"2410","OT",NA
"2413","OT",NA
"2415","OT",NA
"2418","OT",NA
"2423","OT",NA
"2425","OT",NA
"2429","OT",NA
"2432","OT",NA
"2434","OT",NA
"2438","OT",NA
"2441","OT",NA
"2445","OT",NA
"2447","OT",NA
"2450","OT",NA
"2453","OT",NA
"2455","OT",NA
"2457","OT",NA
"2459","OT",NA
"2462","OT",NA
"2467","OT",NA
"2471","OT",NA
"2474","OT",NA
"2483","OT",NA
"2486","OT",NA
"2488","OT",NA
"2492","OT",NA
"2494","OT",NA
"2499","OT",NA
"2502","OT",NA
"2504","OT",NA
"2510","OT",NA
"2516","OT",NA
"2521","OT",NA
"2524","OT",NA
"2526","OT",NA
"2535","OT",NA
"2540","OT",NA
"2549","OT",NA
"2554","OT",NA
"2559","OT",NA
"2566","OT",NA
"2568","OT",NA
"2571","OT",NA
"2573","OT",NA
"2579","OT",NA
"2582","OT",NA
"2587","OT",NA
"2591","OT",NA
"2593","OT",NA
"2603","OT",NA
"2606","OT",NA
"2609","OT",NA
"2614","OT",NA
"2626","OT",NA
"2632","OT",NA
"2641","OT",NA
"2644","OT",NA
"2648","OT",NA
"2651","OT",NA
"2654","OT",NA
"2657","OT",NA
"2660","OT",NA
"2667","OT",NA
"2670","OT",NA
"2674","OT",NA
"2678","OT",NA
"2680","OT",NA
"2684","OT",NA
"2687","OT",NA
"2693","OT",NA
"2696","OT",NA
"2699","OT",NA
"2702","OT",NA
"2705","OT",NA
"2709","OT",NA
"2711","OT",NA
"2714","OT",NA
"2721","OT",NA
"2726","OT",NA
"2731","OT",NA
"2734","OT",NA
"2738","OT",NA
"2740","OT",NA
"2742","OT",NA
"2744","OT",NA
"2746","OT",NA
"2751","OT",NA
"2754","OT",NA
"2757","OT",NA
"2761","OT",NA
"2763","OT",NA
"2768","OT",NA
"2771","OT",NA
"2775","OT",NA
"2784","OT",NA
"2790","OT",NA
"2795","OT",NA
"2801","OT",NA
"2803","OT",NA
"2805","OT",NA
"2808","OT",NA
"2814","OT",NA
"2816","OT",NA
"2825","OT",NA
"2830","OT",NA
"2832","OT",NA
"2837","OT",NA
"2840","OT",NA
"2848","OT",NA
"2851","OT",NA
"2858","OT",NA
"2874","OT",NA
"2877","OT",NA
"2890","OT",NA
"2893","OT",NA
"2898","OT",NA
"2905","OT",NA
"2907","OT",NA
"2911","OT",NA
"2913","OT",NA
"2920","OT",NA
"2925","OT",NA
"2928","OT",NA
"2933","OT",NA
"2936","OT",NA
"2938","OT",NA
"2940","OT",NA
"2947","OT",NA
"2951","OT",NA
"2954","OT",NA
"2959","OT",NA
"2961","OT",NA
"2966","OT",NA
"2972","OT",NA
"2975","OT",NA
"2978","OT",NA
"2980","OT",NA
"2984","OT",NA
"2988","OT",NA
"2990","OT",NA
"2997","OT",NA
"3001","OT",NA
"3007","OT",NA
"3010","OT",NA
"3012","OT",NA
"3015","OT",NA
"3033","OT",NA
"3037","OT",NA
"3040","OT",NA
"3046","OT",NA
"3049","OT",NA
"3055","OT",NA
"3057","OT",NA
"3060","OT",NA
"3062","OT",NA
"3065","OT",NA
"3083","OT",NA
"3086","OT",NA
"3097","OT",NA
"3101","OT",NA
"3103","OT",NA
"3110","OT",NA
"3112","OT",NA
"3114","OT",NA
"3118","OT",NA
"3121","OT",NA
"3123","OT",NA
"3128","OT",NA
"3134","OT",NA
"3137","OT",NA
"3139","OT",NA
"3143","OT",NA
"3150","OT",NA
"3156","OT",NA
"3161","OT",NA
"3163","OT",NA
"3169","OT",NA
"3172","OT",NA
"3179","OT",NA
"3181","OT",NA
"3194","OT",NA
"3197","OT",NA
"3200","OT",NA
"3206","OT",NA
"3209","OT",NA
"3214","OT",NA
"3216","OT",NA
"3219","OT",NA
"3223","OT",NA
"3228","OT",NA
"3233","OT",NA
"3238","OT",NA
"3240","OT",NA
"3242","OT",NA
"3245","OT",NA
"3248","OT",NA
"3251","OT",NA
"3255","OT",NA
"3258","OT",NA
"3260","OT",NA
"3263","OT",NA
"3265","OT",NA
"3268","OT",NA
"3271","OT",NA
"3278","OT",NA
"3281","OT",NA
"3283","OT",NA
"3286","OT",NA
"3290","OT",NA
"3294","OT",NA
"3298","OT",NA
"3304","OT",NA
"3310","OT",NA
"3314","OT",NA
"3317","OT",NA
"3321","OT",NA
"3323","OT",NA
"3326","OT",NA
"3329","OT",NA
"3332","OT",NA
"3335","OT",NA
"3340","OT",NA
"3344","OT",NA
"3347","OT",NA
"3350","OT",NA
"3356","OT",NA
"3359","OT",NA
"3367","OT",NA
"3372","OT",NA
"3374","OT",NA
"3383","OT",NA
"3392","OT",NA
"3395","OT",NA
"3402","OT",NA
"3410","OT",NA
"3418","OT",NA
"3420","OT",NA
"3429","OT",NA
"3434","OT",NA
"3441","OT",NA
"3447","OT",NA
"3454","OT",NA
"3457","OT",NA
"3459","OT",NA
"3464","OT",NA
"3466","OT",NA
"3469","OT",NA
"3478","OT",NA
"3481","OT",NA
"3483","OT",NA
"3488","OT",NA
"3490","OT",NA
"3493","OT",NA
"3503","OT",NA
"3505","OT",NA
"3508","OT",NA
"3512","OT",NA
"3518","OT",NA
"3521","OT",NA
"3527","OT",NA
"3529","OT",NA
"3531","OT",NA
"3538","OT",NA
"3540","OT",NA
"3553","OT",NA
"3555","OT",NA
"3559","OT",NA
"3565","OT",NA
"3567","OT",NA
"3570","OT",NA
"3575","OT",NA
"3577","OT",NA
"3581","OT",NA
"3586","OT",NA
"3594","OT",NA
"3608","OT",NA
"3612","OT",NA
"3614","OT",NA
"3618","OT",NA
"3623","OT",NA
"3626","OT",NA
"3630","OT",NA
"3633","OT",NA
"3646","OT",NA
"3650","OT",NA
"3652","OT",NA
"3656","OT",NA
"3658","OT",NA
"3663","OT",NA
"3665","OT",NA
"3668","OT",NA
"3675","OT",NA
"3677","OT",NA
"3684","OT",NA
"3686","OT",NA
"3689","OT",NA
"3691","OT",NA
"3696","OT",NA
"3711","OT",NA
"3717","OT",NA
"3722","OT",NA
"3729","OT",NA
"3739","OT",NA
"3743","OT",NA
"3748","OT",NA
"3752","OT",NA
"3755","OT",NA
"3757","OT",NA
"3759","OT",NA
"3765","OT",NA
"3767","OT",NA
"3769","OT",NA
"3779","OT",NA
"3781","OT",NA
"3783","OT",NA
"3785","OT",NA
"3788","OT",NA
"3794","OT",NA
"3799","OT",NA
"3801","OT",NA
"3806","OT",NA
"3809","OT",NA
"3818","OT",NA
"3822","OT",NA
"3824","OT",NA
"3831","OT",NA
"3836","OT",NA
"3839","OT",NA
"3843","OT",NA
"3846","OT",NA
"3848","OT",NA
"3850","OT",NA
"3856","OT",NA
"3859","OT",NA
"3863","OT",NA
"3869","OT",NA
"3875","OT",NA
"3880","OT",NA
"3885","OT",NA
"3890","OT",NA
"3892","OT",NA
"3896","OT",NA
"3900","OT",NA
"3906","OT",NA
"3912","OT",NA
"3915","OT",NA
"3917","OT",NA
"3920","OT",NA
"3922","OT",NA
"3926","OT",NA
"3933","OT",NA
"3937","OT",NA
"3941","OT",NA
"3943","OT",NA
"3945","OT",NA
"3947","OT",NA
"3952","OT",NA
"3955","OT",NA
"3958","OT",NA
"3960","OT",NA
"3962","OT",NA
"3964","OT",NA
"3967","OT",NA
"3978","OT",NA
"3985","OT",NA
"3995","OT",NA
"4003","OT",NA
"4009","OT",NA
"4015","OT",NA
"4019","OT",NA
"4023","OT",NA
"4027","OT",NA
"4039","OT",NA
"4042","OT",NA
"4045","OT",NA
"4049","OT",NA
"4066","OT",NA
"4068","OT",NA
"4071","OT",NA
"4082","OT",NA
"4095","OT",NA
"4098","OT",NA
"4106","OT",NA
"4108","OT",NA
"4111","OT",NA
"4117","OT",NA
"4120","OT",NA
"4122","OT",NA
"4128","OT",NA
"4130","OT",NA
"4132","OT",NA
"4137","OT",NA
"4139","OT",NA
"4148","OT",NA
"4161","OT",NA
"4164","OT",NA
"4167","OT",NA
"4171","OT",NA
"4185","OT",NA
"4191","OT",NA
"4194","OT",NA
"4196","OT",NA
"4198","OT",NA
"4201","OT",NA
"4203","OT",NA
"4206","OT",NA
"4217","OT",NA
"4219","OT",NA
"4227","OT",NA
"4229","OT",NA
"4231","OT",NA
"4236","OT",NA
"4238","OT",NA
"4251","OT",NA
"4254","OT",NA
"4256","OT",NA
"4259","OT",NA
"4262","OT",NA
"4266","OT",NA
"4284","OT",NA
"4290","OT",NA
"4292","OT",NA
"4297","OT",NA
"4299","OT",NA
"4306","OT",NA
"4310","OT",NA
"4312","OT",NA
"4315","OT",NA
"4318","OT",NA
"4320","OT",NA
"4327","OT",NA
"4332","OT",NA
"4335","OT",NA
"4338","OT",NA
"4340","OT",NA
"4346","OT",NA
"4348","OT",NA
"4353","OT",NA
"4360","OT",NA
"4364","OT",NA
"4370","OT",NA
"4376","OT",NA
"4378","OT",NA
"4385","OT",NA
"4387","OT",NA
"4392","OT",NA
"4402","OT",NA
"4409","OT",NA
"4420","OT",NA
"4423","OT",NA
"4427","OT",NA
"4430","OT",NA
"4434","OT",NA
"4439","OT",NA
"4441","OT",NA
"4443","OT",NA
"4446","OT",NA
"4449","OT",NA
"4451","OT",NA
"4456","OT",NA
"4461","OT",NA
"4463","OT",NA
"4466","OT",NA
"4468","OT",NA
"4475","OT",NA
"4478","OT",NA
"4480","OT",NA
"4482","OT",NA
"4484","OT",NA
"4501","OT",NA
"4505","OT",NA
"4508","OT",NA
"4514","OT",NA
"4516","OT",NA
"4523","OT",NA
"4530","OT",NA
"4536","OT",NA
"4542","OT",NA
"4545","OT",NA
"4551","OT",NA
"4555","OT",NA
"4559","OT",NA
"4564","OT",NA
"4566","OT",NA
"4568","OT",NA
"4596","OT",NA
"4600","OT",NA
"4604","OT",NA
"4610","OT",NA
"4612","OT",NA
"4617","OT",NA
"4620","OT",NA
"4626","OT",NA
"4629","OT",NA
"4631","OT",NA
"4634","OT",NA
"4636","OT",NA
"4642","OT",NA
"4645","OT",NA
"4647","OT",NA
"4649","OT",NA
"4653","OT",NA
"4659","OT",NA
"4661","OT",NA
"4665","OT",NA
"4667","OT",NA
"4675","OT",NA
"4688","OT",NA
"4693","OT",NA
"4697","OT",NA
"4702","OT",NA
"4707","OT",NA
"4712","OT",NA
"4716","OT",NA
"4718","OT",NA
"4722","OT",NA
"4725","OT",NA
"4727","OT",NA
"4733","OT",NA
"4739","OT",NA
"4742","OT",NA
"4747","OT",NA
"4749","OT",NA
"4753","OT",NA
"4760","OT",NA
"4763","OT",NA
"4766","OT",NA
"4771","OT",NA
"4774","OT",NA
"4776","OT",NA
"4791","OT",NA
"4804","OT",NA
"4807","OT",NA
"4814","OT",NA
"4821","OT",NA
"4829","OT",NA
"4836","OT",NA
"4840","OT",NA
"4844","OT",NA
"4846","OT",NA
"4848","OT",NA
"4852","OT",NA
"4856","OT",NA
"4862","OT",NA
"4869","OT",NA
"4878","OT",NA
"4880","OT",NA
"4882","OT",NA
"4884","OT",NA
"4887","OT",NA
"4897","OT",NA
"4901","OT",NA
"4906","OT",NA
"4909","OT",NA
"4912","OT",NA
"4916","OT",NA
"4929","OT",NA
"4935","OT",NA
"4940","OT",NA
"4945","OT",NA
"4951","OT",NA
"4953","OT",NA
"4956","OT",NA
"4958","OT",NA
"4963","OT",NA
"4965","OT",NA
"4973","OT",NA
"4978","OT",NA
"4980","OT",NA
"4990","OT",NA
"4996","OT",NA
"5008","OT",NA
"5010","OT",NA
"5014","OT",NA
"5022","OT",NA
"5027","OT",NA
"5031","OT",NA
"5041","OT",NA
"5046","OT",NA
"5048","OT",NA
"5050","OT",NA
"5052","OT",NA
"5058","OT",NA
"5064","OT",NA
"5072","OT",NA
"5075","OT",NA
"5078","OT",NA
"5082","OT",NA
"5086","OT",NA
"5092","OT",NA
"5096","OT",NA
"5099","OT",NA
"5112","OT",NA
"5118","OT",NA
"5124","OT",NA
"5131","OT",NA
"5136","OT",NA
"5144","OT",NA
"5146","OT",NA
"5151","OT",NA
"5153","OT",NA
"5160","OT",NA
"5162","OT",NA
"5166","OT",NA
"5168","OT",NA
"5170","OT",NA
"5177","OT",NA
"5180","OT",NA
"5183","OT",NA
"5189","OT",NA
"5191","OT",NA
"5193","OT",NA
"5196","OT",NA
"5199","OT",NA
"5202","OT",NA
"5209","OT",NA
"5218","OT",NA
"5220","OT",NA
"5222","OT",NA
"5232","OT",NA
"5234","OT",NA
"5237","OT",NA
"5240","OT",NA
"5243","OT",NA
"5246","OT",NA
"5250","OT",NA
"5256","OT",NA
"5259","OT",NA
"5266","OT",NA
"5270","OT",NA
"5273","OT",NA
"5275","OT",NA
"5280","OT",NA
"5290","OT",NA
"5292","OT",NA
"5295","OT",NA
"5299","OT",NA
"5303","OT",NA
"5308","OT",NA
"5311","OT",NA
"5317","OT",NA
"5320","OT",NA
"5328","OT",NA
"5333","OT",NA
"5336","OT",NA
"5341","OT",NA
"5343","OT",NA
"5345","OT",NA
"5348","OT",NA
"5354","OT",NA
"5357","OT",NA
"5363","OT",NA
"5367","OT",NA
"5370","OT",NA
"5375","OT",NA
"5379","OT",NA
"5383","OT",NA
"5394","OT",NA
"5397","OT",NA
"5401","OT",NA
"5409","OT",NA
"5412","OT",NA
"5427","OT",NA
"5430","OT",NA
"5432","OT",NA
"5434","OT",NA
"5437","OT",NA
"5439","OT",NA
"5443","OT",NA
"5446","OT",NA
"5448","OT",NA
"5451","OT",NA
"5454","OT",NA
"5456","OT",NA
"5459","OT",NA
"5462","OT",NA
"5464","OT",NA
"5467","OT",NA
"5474","OT",NA
"5476","OT",NA
"5478","OT",NA
"5480","OT",NA
"5483","OT",NA
"5486","OT",NA
"5490","OT",NA
"5492","OT",NA
"5494","OT",NA
"5499","OT",NA
"5501","OT",NA
"5504","OT",NA
"5510","OT",NA
"5513","OT",NA
"5516","OT",NA
"5520","OT",NA
"5523","OT",NA
"5525","OT",NA
"5528","OT",NA
"5536","OT",NA
"5539","OT",NA
"5541","OT",NA
"5544","OT",NA
"5548","OT",NA
"5550","OT",NA
"5554","OT",NA
"5557","OT",NA
"5560","OT",NA
"5565","OT",NA
"5568","OT",NA
"5574","OT",NA
"5578","OT",NA
"5584","OT",NA
"5588","OT",NA
"5591","OT",NA
"5597","OT",NA
"5600","OT",NA
"5603","OT",NA
"5605","OT",NA
"5607","OT",NA
"5611","OT",NA
"5617","OT",NA
"5620","OT",NA
"5625","OT",NA
"5627","OT",NA
"5629","OT",NA
"5633","OT",NA
"5636","OT",NA
"5640","OT",NA
"5644","OT",NA
"5646","OT",NA
"5651","OT",NA
"5654","OT",NA
"5658","OT",NA
