"id","name"
"545","51_HISTORY"
"546","52_HISTORY"
"547","53_HISTORY"
"548","54_HISTORY"
"549","55_HISTORY"
"550","56_HISTORY"
"551","57_HISTORY"
"552","58_HISTORY"
"553","59_HISTORY"
"554","60_HISTORY"
"555","61_HISTORY"
"556","62_HISTORY"
"557","63_HISTORY"
"558","64_HISTORY"
"559","65_HISTORY"
"560","66_HISTORY"
"561","67_HISTORY"
"562","68_HISTORY"
"563","69_HISTORY"
"564","70_HISTORY"
"565","71_HISTORY"
"566","72_HISTORY"
"567","73_HISTORY"
"568","74_HISTORY"
"569","75_HISTORY"
"570","76_HISTORY"
"571","77_HISTORY"
"572","78_HISTORY"
"573","79_HISTORY"
"574","80_HISTORY"
"575","81_HISTORY"
"576","82_HISTORY"
"577","83_HISTORY"
"578","84_HISTORY"
"579","85_HISTORY"
"580","86_HISTORY"
"581","87_HISTORY"
"582","88_HISTORY"
"583","89_HISTORY"
"584","90_HISTORY"
"585","91_HISTORY"
"586","92_HISTORY"
"587","93_HISTORY"
"588","94_HISTORY"
"589","95_HISTORY"
"590","96_HISTORY"
"591","97_HISTORY"
"592","98_HISTORY"
"593","99_HISTORY"
"594","100_HISTORY"
"595","101_HISTORY"
"596","102_HISTORY"
"597","103_HISTORY"
"598","104_HISTORY"
"599","105_HISTORY"
"600","106_HISTORY"
"601","107_HISTORY"
"602","108_HISTORY"
"603","109_HISTORY"
"604","110_HISTORY"
"605","111_HISTORY"
"606","112_HISTORY"
"607","113_HISTORY"
"608","114_HISTORY"
"609","115_HISTORY"
"610","116_HISTORY"
"611","117_HISTORY"
"612","118_HISTORY"
"613","119_HISTORY"
"614","120_HISTORY"
"615","121_HISTORY"
"616","122_HISTORY"
"617","123_HISTORY"
"618","124_HISTORY"
"619","125_HISTORY"
"620","126_HISTORY"
"621","127_HISTORY"
"622","128_HISTORY"
"623","129_HISTORY"
"624","130_HISTORY"
"625","131_HISTORY"
"626","132_HISTORY"
"627","133_HISTORY"
"628","134_HISTORY"
"629","135_HISTORY"
"630","136_HISTORY"
"631","137_HISTORY"
"632","138_HISTORY"
"633","139_HISTORY"
"634","140_HISTORY"
"635","141_HISTORY"
"636","142_HISTORY"
"637","143_HISTORY"
"638","144_HISTORY"
"639","145_HISTORY"
"640","146_HISTORY"
"641","147_HISTORY"
"642","148_HISTORY"
"643","149_HISTORY"
"644","150_HISTORY"
"645","151_HISTORY"
"646","152_HISTORY"
"647","153_HISTORY"
"648","154_HISTORY"
"649","155_HISTORY"
"650","156_HISTORY"
"651","157_HISTORY"
"652","158_HISTORY"
"653","159_HISTORY"
"654","160_HISTORY"
"655","161_HISTORY"
"656","162_HISTORY"
"657","163_HISTORY"
"658","164_HISTORY"
"659","165_HISTORY"
"660","166_HISTORY"
"661","167_HISTORY"
"662","168_HISTORY"
"663","169_HISTORY"
"664","170_HISTORY"
"665","171_HISTORY"
"666","172_HISTORY"
"667","173_HISTORY"
"668","174_HISTORY"
"669","175_HISTORY"
"670","176_HISTORY"
"671","177_HISTORY"
"672","178_HISTORY"
"673","179_HISTORY"
"674","180_HISTORY"
"675","181_HISTORY"
"676","182_HISTORY"
"677","183_HISTORY"
"678","184_HISTORY"
"679","185_HISTORY"
"680","186_HISTORY"
"681","187_HISTORY"
"682","188_HISTORY"
"683","189_HISTORY"
"684","190_HISTORY"
"685","191_HISTORY"
"686","192_HISTORY"
"687","193_HISTORY"
"688","194_HISTORY"
"689","195_HISTORY"
"690","196_HISTORY"
"691","197_HISTORY"
"692","198_HISTORY"
"693","199_HISTORY"
"694","200_HISTORY"
"695","201_HISTORY"
"696","202_HISTORY"
"697","203_HISTORY"
"698","204_HISTORY"
"699","205_HISTORY"
"700","206_HISTORY"
"701","207_HISTORY"
"702","208_HISTORY"
"703","209_HISTORY"
"704","210_HISTORY"
"705","211_HISTORY"
"706","212_HISTORY"
"707","213_HISTORY"
"708","214_HISTORY"
"709","215_HISTORY"
"710","216_HISTORY"
"711","217_HISTORY"
"712","218_HISTORY"
"713","219_HISTORY"
"714","220_HISTORY"
"715","221_HISTORY"
"716","222_HISTORY"
"717","223_HISTORY"
"718","224_HISTORY"
"719","225_HISTORY"
"720","226_HISTORY"
"721","227_HISTORY"
"722","228_HISTORY"
"723","229_HISTORY"
"724","230_HISTORY"
"725","231_HISTORY"
"726","232_HISTORY"
"727","233_HISTORY"
"728","234_HISTORY"
"729","235_HISTORY"
"730","236_HISTORY"
"731","237_HISTORY"
"732","238_HISTORY"
"733","239_HISTORY"
"734","240_HISTORY"
"735","241_HISTORY"
"736","242_HISTORY"
"737","243_HISTORY"
"738","244_HISTORY"
"739","245_HISTORY"
"740","246_HISTORY"
"741","247_HISTORY"
"742","248_HISTORY"
"743","249_HISTORY"
"744","250_HISTORY"
