"from","to","type"
51,545,"51_HISTORY"
52,546,"52_HISTORY"
53,547,"53_HISTORY"
54,548,"54_HISTORY"
55,549,"55_HISTORY"
56,550,"56_HISTORY"
57,551,"57_HISTORY"
58,552,"58_HISTORY"
59,553,"59_HISTORY"
60,554,"60_HISTORY"
61,555,"61_HISTORY"
62,556,"62_HISTORY"
63,557,"63_HISTORY"
64,558,"64_HISTORY"
65,559,"65_HISTORY"
66,560,"66_HISTORY"
67,561,"67_HISTORY"
68,562,"68_HISTORY"
69,563,"69_HISTORY"
70,564,"70_HISTORY"
71,565,"71_HISTORY"
72,566,"72_HISTORY"
73,567,"73_HISTORY"
74,568,"74_HISTORY"
75,569,"75_HISTORY"
76,570,"76_HISTORY"
77,571,"77_HISTORY"
78,572,"78_HISTORY"
79,573,"79_HISTORY"
80,574,"80_HISTORY"
81,575,"81_HISTORY"
82,576,"82_HISTORY"
83,577,"83_HISTORY"
84,578,"84_HISTORY"
85,579,"85_HISTORY"
86,580,"86_HISTORY"
87,581,"87_HISTORY"
88,582,"88_HISTORY"
89,583,"89_HISTORY"
90,584,"90_HISTORY"
91,585,"91_HISTORY"
92,586,"92_HISTORY"
93,587,"93_HISTORY"
94,588,"94_HISTORY"
95,589,"95_HISTORY"
96,590,"96_HISTORY"
97,591,"97_HISTORY"
98,592,"98_HISTORY"
99,593,"99_HISTORY"
100,594,"100_HISTORY"
101,595,"101_HISTORY"
102,596,"102_HISTORY"
103,597,"103_HISTORY"
104,598,"104_HISTORY"
105,599,"105_HISTORY"
106,600,"106_HISTORY"
107,601,"107_HISTORY"
108,602,"108_HISTORY"
109,603,"109_HISTORY"
110,604,"110_HISTORY"
111,605,"111_HISTORY"
112,606,"112_HISTORY"
113,607,"113_HISTORY"
114,608,"114_HISTORY"
115,609,"115_HISTORY"
116,610,"116_HISTORY"
117,611,"117_HISTORY"
118,612,"118_HISTORY"
119,613,"119_HISTORY"
120,614,"120_HISTORY"
121,615,"121_HISTORY"
122,616,"122_HISTORY"
123,617,"123_HISTORY"
124,618,"124_HISTORY"
125,619,"125_HISTORY"
126,620,"126_HISTORY"
127,621,"127_HISTORY"
128,622,"128_HISTORY"
129,623,"129_HISTORY"
130,624,"130_HISTORY"
131,625,"131_HISTORY"
132,626,"132_HISTORY"
133,627,"133_HISTORY"
134,628,"134_HISTORY"
135,629,"135_HISTORY"
136,630,"136_HISTORY"
137,631,"137_HISTORY"
138,632,"138_HISTORY"
139,633,"139_HISTORY"
140,634,"140_HISTORY"
141,635,"141_HISTORY"
142,636,"142_HISTORY"
143,637,"143_HISTORY"
144,638,"144_HISTORY"
145,639,"145_HISTORY"
146,640,"146_HISTORY"
147,641,"147_HISTORY"
148,642,"148_HISTORY"
149,643,"149_HISTORY"
150,644,"150_HISTORY"
151,645,"151_HISTORY"
152,646,"152_HISTORY"
153,647,"153_HISTORY"
154,648,"154_HISTORY"
155,649,"155_HISTORY"
156,650,"156_HISTORY"
157,651,"157_HISTORY"
158,652,"158_HISTORY"
159,653,"159_HISTORY"
160,654,"160_HISTORY"
161,655,"161_HISTORY"
162,656,"162_HISTORY"
163,657,"163_HISTORY"
164,658,"164_HISTORY"
165,659,"165_HISTORY"
166,660,"166_HISTORY"
167,661,"167_HISTORY"
168,662,"168_HISTORY"
169,663,"169_HISTORY"
170,664,"170_HISTORY"
171,665,"171_HISTORY"
172,666,"172_HISTORY"
173,667,"173_HISTORY"
174,668,"174_HISTORY"
175,669,"175_HISTORY"
176,670,"176_HISTORY"
177,671,"177_HISTORY"
178,672,"178_HISTORY"
179,673,"179_HISTORY"
180,674,"180_HISTORY"
181,675,"181_HISTORY"
182,676,"182_HISTORY"
183,677,"183_HISTORY"
184,678,"184_HISTORY"
185,679,"185_HISTORY"
186,680,"186_HISTORY"
187,681,"187_HISTORY"
188,682,"188_HISTORY"
189,683,"189_HISTORY"
190,684,"190_HISTORY"
191,685,"191_HISTORY"
192,686,"192_HISTORY"
193,687,"193_HISTORY"
194,688,"194_HISTORY"
195,689,"195_HISTORY"
196,690,"196_HISTORY"
197,691,"197_HISTORY"
198,692,"198_HISTORY"
199,693,"199_HISTORY"
200,694,"200_HISTORY"
201,695,"201_HISTORY"
202,696,"202_HISTORY"
203,697,"203_HISTORY"
204,698,"204_HISTORY"
205,699,"205_HISTORY"
206,700,"206_HISTORY"
207,701,"207_HISTORY"
208,702,"208_HISTORY"
209,703,"209_HISTORY"
210,704,"210_HISTORY"
211,705,"211_HISTORY"
212,706,"212_HISTORY"
213,707,"213_HISTORY"
214,708,"214_HISTORY"
215,709,"215_HISTORY"
216,710,"216_HISTORY"
217,711,"217_HISTORY"
218,712,"218_HISTORY"
219,713,"219_HISTORY"
220,714,"220_HISTORY"
221,715,"221_HISTORY"
222,716,"222_HISTORY"
223,717,"223_HISTORY"
224,718,"224_HISTORY"
225,719,"225_HISTORY"
226,720,"226_HISTORY"
227,721,"227_HISTORY"
228,722,"228_HISTORY"
229,723,"229_HISTORY"
230,724,"230_HISTORY"
231,725,"231_HISTORY"
232,726,"232_HISTORY"
233,727,"233_HISTORY"
234,728,"234_HISTORY"
235,729,"235_HISTORY"
236,730,"236_HISTORY"
237,731,"237_HISTORY"
238,732,"238_HISTORY"
239,733,"239_HISTORY"
240,734,"240_HISTORY"
241,735,"241_HISTORY"
242,736,"242_HISTORY"
243,737,"243_HISTORY"
244,738,"244_HISTORY"
245,739,"245_HISTORY"
246,740,"246_HISTORY"
247,741,"247_HISTORY"
248,742,"248_HISTORY"
249,743,"249_HISTORY"
250,744,"250_HISTORY"
